"first_seen_utc","dst_ip","dst_port","c2_status","last_online","malware"
"2021-01-17 07:44:46","51.178.161.32","4643","online","2022-11-16","Dridex"
"2021-01-26 03:22:41","142.44.247.57","4043","offline","2022-10-17","Dridex"
"2021-02-22 16:57:59","37.187.115.122","6601","online","2022-11-16","Dridex"
"2021-05-16 19:49:32","1.234.21.73","6601","online","2022-11-16","Dridex"
"2021-05-16 19:49:33","178.128.23.9","4125","online","2022-11-16","Dridex"
"2021-06-09 17:16:27","45.79.91.89","9987","online","2022-11-16","Dridex"
"2021-07-13 08:31:22","107.170.64.97","9043","offline","2022-11-14","Dridex"
"2021-07-14 15:30:51","66.175.217.172","13786","online","2022-11-16","Dridex"
"2021-07-28 16:01:42","104.248.178.90","4664","online","2022-11-16","Dridex"
"2021-08-14 18:40:26","204.174.223.210","9043","online","2022-11-16","Dridex"
"2021-08-27 04:48:12","192.99.150.39","7443","online","2022-11-16","Dridex"
"2021-08-30 22:30:31","97.107.134.115","10172","offline","2022-10-18","Dridex"
"2021-09-16 00:53:58","128.199.232.159","6225","online","2022-11-16","Dridex"
"2021-09-17 11:44:00","159.65.3.147","6225","online","2022-11-16","Dridex"
"2021-09-29 08:42:47","89.101.97.139","443","offline","2022-11-16","QakBot"
"2021-09-29 08:42:51","120.150.218.241","995","online","2022-11-16","QakBot"
"2021-09-29 08:42:51","41.228.22.180","443","online","2022-11-16","QakBot"
"2021-09-29 14:05:04","173.21.10.71","2222","online","2022-11-16","QakBot"
"2021-09-29 14:35:05","45.46.53.140","2222","offline","2022-11-16","QakBot"
"2021-09-29 14:55:07","217.17.56.163","443","offline","2022-11-15","QakBot"
"2021-09-29 14:55:09","217.17.56.163","2078","offline","2022-11-16","QakBot"
"2021-10-08 14:48:31","63.143.92.99","995","online","2022-11-16","QakBot"
"2021-10-11 07:48:40","212.112.86.37","9676","online","2022-11-16","Dridex"
"2021-10-13 13:35:12","69.64.50.41","6602","online","2022-11-16","Dridex"
"2021-10-13 17:30:14","96.37.113.36","993","offline","2022-11-16","QakBot"
"2021-10-26 16:03:21","117.248.109.38","21","online","2022-11-16","QakBot"
"2021-11-01 18:25:27","104.248.155.133","443","online","2022-11-16","Dridex"
"2021-11-09 18:42:32","95.110.160.239","9676","online","2022-11-16","Dridex"
"2021-11-09 18:42:32","198.61.167.176","10172","online","2022-11-16","Dridex"
"2021-11-15 19:25:02","196.44.98.190","8080","online","2022-11-16","Emotet"
"2021-11-16 12:57:48","93.188.167.97","443","online","2022-11-16","Emotet"
"2021-11-16 15:30:05","185.184.25.237","8080","offline","2022-10-28","Emotet"
"2021-11-17 04:55:35","62.210.200.63","443","online","2022-11-16","Emotet"
"2021-11-17 15:26:43","198.199.70.22","6602","online","2022-11-16","Dridex"
"2021-11-17 17:00:38","122.129.203.163","443","offline","2022-11-11","Emotet"
"2021-11-24 09:51:14","87.120.254.252","443","online","2022-11-16","BazarLoader"
"2021-11-29 14:18:52","103.109.247.10","10443","online","2022-11-16","Dridex"
"2021-11-30 16:40:05","46.55.222.11","443","online","2022-11-16","Emotet"
"2021-12-03 00:00:09","209.239.112.82","8080","offline","2022-11-09","Emotet"
"2021-12-03 00:05:08","198.27.67.35","8080","offline","2022-11-08","Emotet"
"2021-12-03 00:05:09","91.207.181.106","8080","online","2022-11-16","Emotet"
"2021-12-06 03:22:22","129.232.146.250","443","online","2022-11-16","Dridex"
"2021-12-10 19:52:19","139.59.56.73","443","online","2022-11-16","Dridex"
"2021-12-17 20:48:58","144.91.122.94","443","online","2022-11-16","Dridex"
"2021-12-17 20:48:59","167.99.141.108","4664","offline","2022-11-16","Dridex"
"2021-12-17 22:33:06","24.178.196.158","2222","online","2022-11-16","QakBot"
"2021-12-18 04:08:16","182.191.92.203","995","offline","2022-11-16","QakBot"
"2021-12-21 16:18:43","31.35.28.29","443","offline","2022-10-20","QakBot"
"2021-12-23 21:31:07","51.38.71.0","443","online","2022-11-16","Emotet"
"2021-12-24 15:59:14","69.14.172.24","443","offline","2022-10-27","QakBot"
"2021-12-24 19:46:09","54.37.70.105","8080","online","2022-11-16","Emotet"
"2021-12-27 14:16:18","103.124.107.109","443","online","2022-11-16","BazarLoader"
"2021-12-31 03:47:39","103.9.36.172","443","online","2022-11-16","Dridex"
"2022-01-07 17:57:35","139.99.30.176","443","online","2022-11-16","Dridex"
"2022-01-26 21:30:11","45.79.80.198","443","offline","2022-11-02","Emotet"
"2022-01-27 19:15:22","159.65.163.220","443","online","2022-11-16","Emotet"
"2022-01-27 19:15:22","162.144.76.184","8080","online","2022-11-16","Emotet"
"2022-01-28 16:05:14","139.196.72.155","8080","online","2022-11-16","Emotet"
"2022-01-31 14:30:31","177.39.156.177","443","online","2022-11-16","Emotet"
"2022-02-02 16:30:42","142.93.76.76","7080","offline","2022-11-16","Emotet"
"2022-02-02 20:50:38","185.184.25.78","8080","offline","2022-10-28","Emotet"
"2022-02-02 20:50:41","172.105.115.71","443","online","2022-11-16","Emotet"
"2022-02-15 14:14:04","66.230.104.103","443","online","2022-11-16","QakBot"
"2022-02-16 16:34:43","208.107.221.224","443","offline","2022-10-27","QakBot"
"2022-02-21 15:35:40","47.23.89.60","993","online","2022-11-16","QakBot"
"2022-02-23 07:25:23","196.203.37.215","80","offline","2022-11-16","QakBot"
"2022-02-23 18:55:48","159.65.253.201","8080","online","2022-11-16","Emotet"
"2022-02-23 18:55:51","150.95.20.209","8080","online","2022-11-16","Emotet"
"2022-02-28 15:14:34","193.253.44.249","2222","offline","2022-11-11","QakBot"
"2022-03-01 14:15:11","24.55.67.176","443","offline","2022-11-16","QakBot"
"2022-03-01 15:16:05","162.244.80.68","443","online","2022-11-16","Emotet"
"2022-03-03 08:35:18","103.75.201.2","443","online","2022-11-16","Emotet"
"2022-03-03 15:06:10","172.114.160.81","443","online","2022-11-16","QakBot"
"2022-03-03 18:06:08","70.46.220.114","443","online","2022-11-16","QakBot"
"2022-03-08 03:06:53","47.23.89.61","993","offline","2022-11-04","QakBot"
"2022-03-14 08:55:45","167.86.122.137","443","online","2022-11-16","Emotet"
"2022-03-14 22:05:43","213.32.75.32","8080","online","2022-11-16","Emotet"
"2022-03-15 01:20:46","54.36.185.63","443","offline","2022-11-08","Emotet"
"2022-03-15 01:20:49","103.253.145.28","8080","offline","2022-11-07","Emotet"
"2022-03-15 13:23:59","148.64.96.100","443","online","2022-11-16","QakBot"
"2022-03-15 19:01:08","119.193.124.41","7080","offline","2022-10-25","Emotet"
"2022-03-15 19:30:53","165.22.61.235","443","online","2022-11-16","Emotet"
"2022-03-16 15:47:21","116.125.120.88","443","online","2022-11-16","Emotet"
"2022-03-16 19:53:57","172.115.177.204","2222","offline","2022-11-09","QakBot"
"2022-03-16 19:54:01","174.69.215.101","443","online","2022-11-16","QakBot"
"2022-03-17 21:52:32","80.211.107.116","8080","online","2022-11-16","Emotet"
"2022-03-17 21:52:36","188.166.229.148","443","online","2022-11-16","Emotet"
"2022-03-23 07:15:57","165.22.246.219","8080","online","2022-11-16","Emotet"
"2022-04-05 09:41:41","149.56.131.28","8080","online","2022-11-16","Emotet"
"2022-04-16 08:29:29","85.104.122.231","443","offline","2022-11-03","QakBot"
"2022-04-18 10:10:35","94.23.45.86","4143","online","2022-11-16","Emotet"
"2022-04-22 16:40:50","139.59.44.48","8080","online","2022-11-16","Emotet"
"2022-04-27 07:04:11","178.62.112.199","8080","online","2022-11-16","Emotet"
"2022-05-17 07:15:08","134.122.119.23","8080","online","2022-11-16","Emotet"
"2022-05-19 18:29:44","165.227.166.238","8080","online","2022-11-16","Emotet"
"2022-05-19 18:29:44","167.172.248.70","8080","online","2022-11-16","Emotet"
"2022-05-19 18:29:48","149.28.156.183","443","offline","2022-11-04","Emotet"
"2022-05-20 05:16:22","173.82.82.196","8080","offline","2022-11-12","Emotet"
"2022-05-20 05:16:24","159.89.202.34","443","online","2022-11-16","Emotet"
"2022-05-24 09:54:09","23.88.117.246","443","online","2022-11-16","BumbleBee"
"2022-05-24 13:39:52","72.252.157.93","990","offline","2022-10-19","QakBot"
"2022-05-24 13:39:54","72.252.157.93","993","offline","2022-10-19","QakBot"
"2022-05-28 07:21:37","168.119.40.176","443","online","2022-11-16","BumbleBee"
"2022-06-01 17:41:41","146.19.253.6","443","offline","2022-10-22","BumbleBee"
"2022-06-02 08:31:48","104.244.79.94","443","online","2022-11-16","Emotet"
"2022-06-02 08:31:51","103.224.241.74","8080","online","2022-11-16","Emotet"
"2022-06-04 21:24:53","162.243.103.246","8080","online","2022-11-16","Emotet"
"2022-06-04 21:24:53","198.211.118.165","443","online","2022-11-16","Emotet"
"2022-06-04 21:24:57","58.96.74.42","443","online","2022-11-16","Emotet"
"2022-06-04 21:24:58","218.38.121.17","443","online","2022-11-16","Emotet"
"2022-06-06 13:34:55","165.227.153.100","8080","online","2022-11-16","Emotet"
"2022-06-06 23:05:02","178.128.23.9","8080","online","2022-11-16","Emotet"
"2022-06-07 20:45:00","138.197.68.35","8080","online","2022-11-16","Emotet"
"2022-06-08 17:25:12","51.161.73.194","443","online","2022-11-16","Emotet"
"2022-06-08 17:25:16","157.245.196.132","443","online","2022-11-16","Emotet"
"2022-06-08 20:05:05","198.199.70.22","8080","online","2022-11-16","Emotet"
"2022-06-08 20:05:07","165.22.254.68","443","online","2022-11-16","Emotet"
"2022-06-13 21:46:55","144.91.78.55","443","online","2022-11-16","Emotet"
"2022-06-13 21:46:58","172.105.226.75","8080","online","2022-11-16","Emotet"
"2022-06-13 22:32:00","37.187.114.15","8080","online","2022-11-16","Emotet"
"2022-06-15 13:17:25","139.162.113.169","8080","online","2022-11-16","Emotet"
"2022-06-15 14:13:25","46.101.234.246","8080","online","2022-11-16","Emotet"
"2022-06-21 23:23:13","81.193.30.90","443","online","2022-11-16","QakBot"
"2022-06-30 21:00:12","213.239.212.5","443","online","2022-11-16","Emotet"
"2022-06-30 21:00:12","188.165.79.151","443","offline","2022-11-16","Emotet"
"2022-06-30 21:00:13","45.55.191.130","443","online","2022-11-16","Emotet"
"2022-06-30 21:00:13","174.138.33.49","7080","online","2022-11-16","Emotet"
"2022-06-30 21:00:15","104.168.155.143","8080","online","2022-11-16","Emotet"
"2022-06-30 21:00:15","104.248.155.133","443","online","2022-11-16","Emotet"
"2022-06-30 21:00:16","128.199.93.156","7080","online","2022-11-16","Emotet"
"2022-06-30 21:01:08","96.125.171.165","7080","online","2022-11-16","Emotet"
"2022-06-30 21:01:21","103.159.224.46","7080","online","2022-11-16","Emotet"
"2022-07-01 03:05:26","178.128.23.9","8081","online","2022-11-16","Emotet"
"2022-07-01 16:36:06","178.128.82.218","8080","online","2022-11-16","Emotet"
"2022-07-01 17:21:06","146.59.151.250","443","online","2022-11-16","Emotet"
"2022-07-05 14:00:49","144.91.92.120","8080","offline","2022-10-19","Emotet"
"2022-07-05 16:41:21","164.90.222.65","443","online","2022-11-16","Emotet"
"2022-07-05 21:15:14","203.217.140.239","8080","online","2022-11-16","Emotet"
"2022-07-06 06:41:26","138.197.64.211","7080","online","2022-11-16","Emotet"
"2022-07-06 08:16:03","1.234.21.73","8080","online","2022-11-16","Emotet"
"2022-07-06 20:55:11","54.37.70.105","443","online","2022-11-16","Emotet"
"2022-07-07 05:10:21","178.128.31.80","7080","online","2022-11-16","Emotet"
"2022-07-07 05:10:23","165.22.211.113","8081","online","2022-11-16","Emotet"
"2022-07-07 05:30:26","45.55.44.204","7080","online","2022-11-16","Emotet"
"2022-07-08 22:51:19","54.37.136.187","8080","online","2022-11-16","Emotet"
"2022-08-30 17:36:05","51.68.145.40","443","online","2022-11-16","BumbleBee"
"2022-08-31 17:41:06","51.83.249.204","443","online","2022-11-16","BumbleBee"
"2022-09-08 12:14:17","99.232.140.205","2222","online","2022-11-16","QakBot"
"2022-09-08 12:14:26","179.158.103.236","443","offline","2022-11-16","QakBot"
"2022-09-08 22:54:15","191.97.234.238","995","offline","2022-10-29","QakBot"
"2022-09-13 03:57:38","146.59.116.49","443","online","2022-11-16","BumbleBee"
"2022-09-15 20:24:57","72.88.245.71","443","offline","2022-11-16","QakBot"
"2022-09-16 01:04:59","66.181.164.43","443","offline","2022-11-15","QakBot"
"2022-09-16 03:47:41","146.59.116.54","443","online","2022-11-16","BumbleBee"
"2022-09-16 17:47:45","146.59.116.127","443","online","2022-11-16","BumbleBee"
"2022-09-17 05:40:27","70.49.33.200","2222","online","2022-11-16","QakBot"
"2022-09-19 16:31:36","45.153.243.126","443","offline","2022-10-18","BumbleBee"
"2022-09-20 14:11:09","173.218.180.91","443","offline","2022-10-25","QakBot"
"2022-09-26 08:21:19","111.125.157.230","443","offline","2022-11-16","QakBot"
"2022-09-26 12:51:23","149.28.38.16","995","offline","2022-11-07","QakBot"
"2022-09-26 12:51:24","149.28.38.16","443","offline","2022-11-07","QakBot"
"2022-09-26 12:51:25","45.77.159.252","995","offline","2022-11-07","QakBot"
"2022-09-26 12:51:25","45.77.159.252","443","offline","2022-11-07","QakBot"
"2022-09-26 12:51:26","149.28.63.197","995","offline","2022-11-07","QakBot"
"2022-09-26 12:51:26","144.202.15.58","443","online","2022-11-16","QakBot"
"2022-09-26 12:51:26","45.63.10.144","443","offline","2022-11-07","QakBot"
"2022-09-26 12:51:26","45.63.10.144","995","offline","2022-11-07","QakBot"
"2022-09-26 12:51:27","149.28.63.197","443","offline","2022-11-07","QakBot"
"2022-09-26 13:41:52","115.247.12.66","443","offline","2022-11-16","QakBot"
"2022-09-27 12:28:25","85.143.218.249","443","online","2022-11-16","TrickBot"
"2022-09-27 17:21:47","193.3.19.137","443","offline","2022-11-15","QakBot"
"2022-09-27 17:21:48","193.254.32.156","443","offline","2022-10-21","QakBot"
"2022-09-28 05:06:56","103.173.121.17","443","offline","2022-10-28","QakBot"
"2022-09-28 08:46:19","139.228.33.176","2222","offline","2022-11-02","QakBot"
"2022-09-29 01:17:06","75.71.96.226","995","offline","2022-11-10","QakBot"
"2022-09-29 06:47:34","58.186.75.42","443","offline","2022-11-16","QakBot"
"2022-09-30 10:53:10","216.238.83.82","443","offline","2022-11-07","QakBot"
"2022-09-30 10:53:10","139.84.167.18","995","offline","2022-11-07","QakBot"
"2022-09-30 10:53:10","139.84.167.18","443","offline","2022-11-07","QakBot"
"2022-09-30 10:53:10","216.238.108.61","995","offline","2022-11-07","QakBot"
"2022-09-30 10:53:12","216.238.108.61","443","offline","2022-11-07","QakBot"
"2022-10-02 07:20:45","149.126.159.254","443","offline","2022-10-19","QakBot"
"2022-10-03 14:31:10","196.207.146.151","443","offline","2022-10-24","QakBot"
"2022-10-03 16:54:45","146.59.117.200","443","online","2022-11-16","BumbleBee"
"2022-10-03 17:01:16","45.153.243.222","443","offline","2022-10-20","BumbleBee"
"2022-10-03 17:01:19","146.59.116.77","443","online","2022-11-16","BumbleBee"
"2022-10-04 05:56:12","54.38.138.5","443","online","2022-11-16","BumbleBee"
"2022-10-05 16:31:09","216.238.83.82","995","offline","2022-11-07","QakBot"
"2022-10-05 17:06:34","104.244.75.253","443","offline","2022-11-04","BumbleBee"
"2022-10-05 20:24:16","82.12.196.197","443","offline","2022-10-20","QakBot"
"2022-10-05 20:24:21","190.193.180.228","443","offline","2022-10-26","QakBot"
"2022-10-06 08:56:34","51.83.250.102","443","online","2022-11-16","BumbleBee"
"2022-10-06 08:56:36","208.115.216.246","443","online","2022-11-16","BumbleBee"
"2022-10-06 18:16:35","45.147.231.156","443","offline","2022-11-05","BumbleBee"
"2022-10-06 18:16:36","45.61.186.18","443","offline","2022-11-04","BumbleBee"
"2022-10-07 13:22:36","145.239.28.55","443","online","2022-11-16","BumbleBee"
"2022-10-07 17:17:36","54.37.131.164","443","online","2022-11-16","BumbleBee"
"2022-10-07 17:17:37","198.98.51.75","443","offline","2022-11-04","BumbleBee"
"2022-10-09 17:42:06","45.11.19.86","443","offline","2022-10-28","BumbleBee"
"2022-10-10 14:05:45","190.100.149.122","995","offline","2022-11-16","QakBot"
"2022-10-10 19:05:47","181.44.34.172","443","offline","2022-10-25","QakBot"
"2022-10-11 17:06:16","190.11.198.76","443","offline","2022-10-17","QakBot"
"2022-10-11 17:06:19","179.113.97.4","32101","offline","2022-10-19","QakBot"
"2022-10-13 03:07:06","51.83.250.153","443","online","2022-11-16","BumbleBee"
"2022-10-13 11:56:28","186.64.87.202","443","offline","2022-10-17","QakBot"
"2022-10-13 14:31:18","198.2.51.242","993","offline","2022-10-25","QakBot"
"2022-10-13 14:31:20","186.18.210.16","443","offline","2022-11-08","QakBot"
"2022-10-13 17:57:05","45.61.186.51","443","offline","2022-11-04","BumbleBee"
"2022-10-13 21:11:39","190.205.229.67","2222","offline","2022-10-17","QakBot"
"2022-10-13 23:31:36","220.123.29.76","443","offline","2022-10-19","QakBot"
"2022-10-14 01:51:39","186.188.96.197","443","offline","2022-10-27","QakBot"
"2022-10-14 17:47:07","51.81.134.202","443","online","2022-11-16","BumbleBee"
"2022-10-14 18:36:50","104.233.202.195","443","offline","2022-10-17","QakBot"
"2022-10-14 18:36:52","45.230.169.132","995","offline","2022-10-27","QakBot"
"2022-10-14 18:36:54","190.26.159.133","995","offline","2022-10-18","QakBot"
"2022-10-14 18:36:54","177.205.74.14","2222","offline","2022-10-17","QakBot"
"2022-10-14 18:36:55","193.201.187.64","443","offline","2022-10-17","QakBot"
"2022-10-14 18:36:55","45.230.169.132","443","offline","2022-10-17","QakBot"
"2022-10-14 18:37:11","31.166.182.166","443","offline","2022-10-19","QakBot"
"2022-10-14 21:56:52","181.197.41.173","443","offline","2022-10-19","QakBot"
"2022-10-16 05:17:09","54.38.136.144","443","online","2022-11-16","BumbleBee"
"2022-10-17 06:20:01","181.164.194.228","443","offline","2022-11-02","QakBot"
"2022-10-17 14:28:17","206.1.189.186","443","offline","2022-10-17","QakBot"
"2022-10-17 14:28:18","219.71.108.177","443","offline","2022-10-18","QakBot"
"2022-10-17 14:28:19","14.246.151.175","443","offline","2022-10-20","QakBot"
"2022-10-17 14:28:19","134.35.3.85","443","offline","2022-10-17","QakBot"
"2022-10-17 14:28:20","200.233.108.153","993","offline","2022-10-22","QakBot"
"2022-10-17 14:28:21","190.199.186.117","2222","offline","2022-10-18","QakBot"
"2022-10-17 14:28:21","200.155.61.245","995","offline","2022-10-22","QakBot"
"2022-10-17 14:28:36","207.204.120.40","443","offline","2022-10-30","QakBot"
"2022-10-17 14:28:46","190.74.4.20","443","offline","2022-10-21","QakBot"
"2022-10-17 14:48:32","94.36.5.31","443","offline","2022-10-22","QakBot"
"2022-10-17 15:28:26","151.251.50.117","443","offline","2022-10-17","QakBot"
"2022-10-17 16:07:10","91.171.72.214","32100","offline","2022-10-25","QakBot"
"2022-10-17 16:26:58","102.47.218.41","443","offline","2022-10-18","QakBot"
"2022-10-17 17:05:14","181.141.3.126","443","offline","2022-10-27","QakBot"
"2022-10-17 17:07:46","102.188.91.158","995","offline","2022-10-18","QakBot"
"2022-10-17 17:31:56","78.179.135.247","443","offline","2022-10-31","QakBot"
"2022-10-17 17:51:28","70.173.248.13","443","offline","2022-10-21","QakBot"
"2022-10-17 17:51:45","85.242.200.96","443","offline","2022-10-19","QakBot"
"2022-10-17 18:02:09","64.44.135.197","443","offline","2022-10-18","BumbleBee"
"2022-10-17 21:06:32","102.159.77.134","995","offline","2022-10-17","QakBot"
"2022-10-18 13:42:19","206.1.172.1","443","offline","2022-10-21","QakBot"
"2022-10-18 13:42:28","154.247.82.36","443","offline","2022-10-18","QakBot"
"2022-10-18 13:42:30","197.158.87.248","443","offline","2022-10-18","QakBot"
"2022-10-18 14:02:33","177.152.65.142","443","offline","2022-10-19","QakBot"
"2022-10-18 14:27:39","186.177.93.18","2222","offline","2022-10-20","QakBot"
"2022-10-18 17:57:05","45.61.185.227","443","offline","2022-10-25","BumbleBee"
"2022-10-18 18:12:37","206.1.208.223","2087","offline","2022-10-19","QakBot"
"2022-10-18 19:02:30","5.163.177.234","443","offline","2022-10-22","QakBot"
"2022-10-18 19:52:30","41.101.100.7","443","offline","2022-10-18","QakBot"
"2022-10-18 20:41:52","181.168.145.94","443","offline","2022-10-21","QakBot"
"2022-10-18 21:54:57","163.182.177.80","443","offline","2022-10-22","QakBot"
"2022-10-18 22:47:25","167.58.254.85","443","offline","2022-10-28","QakBot"
"2022-10-18 22:47:36","200.93.11.28","2222","offline","2022-10-21","QakBot"
"2022-10-18 23:12:28","187.198.16.39","443","offline","2022-10-22","QakBot"
"2022-10-19 03:21:23","181.56.171.3","995","offline","2022-11-14","QakBot"
"2022-10-19 16:57:04","146.19.173.148","443","offline","2022-11-11","BumbleBee"
"2022-10-19 16:57:05","198.98.59.245","443","offline","2022-11-04","BumbleBee"
"2022-10-19 18:02:06","146.19.173.26","443","offline","2022-10-19","BumbleBee"
"2022-10-20 04:06:58","45.153.242.242","443","offline","2022-11-13","BumbleBee"
"2022-10-20 16:47:42","152.170.17.136","443","offline","2022-11-16","QakBot"
"2022-10-20 16:47:42","216.131.22.236","995","offline","2022-10-28","QakBot"
"2022-10-20 16:47:44","160.179.32.101","995","offline","2022-10-20","QakBot"
"2022-10-20 16:47:47","156.217.185.90","995","offline","2022-10-24","QakBot"
"2022-10-20 16:47:49","201.68.209.47","32101","offline","2022-10-27","QakBot"
"2022-10-20 16:47:50","217.78.49.161","443","offline","2022-10-21","QakBot"
"2022-10-20 16:47:54","201.210.121.49","2222","offline","2022-10-20","QakBot"
"2022-10-20 16:48:02","187.143.131.190","2222","offline","2022-10-20","QakBot"
"2022-10-20 16:48:13","200.155.61.245","443","offline","2022-10-22","QakBot"
"2022-10-20 17:13:19","186.213.214.13","2222","offline","2022-10-21","QakBot"
"2022-10-20 18:03:16","105.158.71.149","443","offline","2022-10-20","QakBot"
"2022-10-20 20:07:42","102.156.82.38","995","offline","2022-10-21","QakBot"
"2022-10-20 20:33:09","201.171.199.216","443","offline","2022-10-21","QakBot"
"2022-10-20 20:58:19","206.1.233.162","2087","offline","2022-10-20","QakBot"
"2022-10-20 23:28:03","175.205.2.54","443","online","2022-11-16","QakBot"
"2022-10-21 00:19:14","190.33.241.216","443","offline","2022-10-29","QakBot"
"2022-10-21 02:48:21","136.232.184.134","995","offline","2022-11-16","QakBot"
"2022-10-21 03:38:37","42.116.54.220","443","offline","2022-10-22","QakBot"
"2022-10-21 06:31:57","14.54.83.15","443","offline","2022-10-24","QakBot"
"2022-10-21 12:54:00","220.134.54.185","2222","offline","2022-11-10","QakBot"
"2022-10-21 15:53:18","190.204.101.210","2222","offline","2022-10-21","QakBot"
"2022-10-21 17:08:12","190.33.87.140","443","offline","2022-10-21","QakBot"
"2022-10-21 17:47:06","23.106.160.112","443","offline","2022-10-21","BumbleBee"
"2022-10-21 19:22:01","146.59.116.146","443","online","2022-11-16","BumbleBee"
"2022-10-21 19:22:02","172.93.193.220","443","offline","2022-10-21","BumbleBee"
"2022-10-22 14:22:02","200.233.108.153","995","offline","2022-11-16","QakBot"
"2022-10-22 17:42:06","45.147.230.245","443","offline","2022-10-24","BumbleBee"
"2022-10-22 21:53:27","189.110.3.60","2222","offline","2022-10-24","QakBot"
"2022-10-23 01:09:50","190.29.228.61","443","offline","2022-11-04","QakBot"
"2022-10-23 11:13:50","202.5.53.143","443","offline","2022-10-23","QakBot"
"2022-10-23 17:41:42","104.168.202.54","443","offline","2022-10-23","BumbleBee"
"2022-10-23 19:06:03","186.18.77.99","443","offline","2022-10-23","QakBot"
"2022-10-24 08:25:20","93.156.96.171","443","offline","2022-11-08","QakBot"
"2022-10-24 10:09:01","172.117.139.142","995","online","2022-11-16","QakBot"
"2022-10-24 10:09:01","208.78.220.120","443","offline","2022-10-27","QakBot"
"2022-10-24 10:34:08","190.201.145.155","443","offline","2022-10-29","QakBot"
"2022-10-24 12:38:59","90.165.109.4","2222","offline","2022-11-16","QakBot"
"2022-10-24 13:29:40","222.117.141.133","443","offline","2022-10-25","QakBot"
"2022-10-24 13:29:41","197.204.107.51","443","offline","2022-10-24","QakBot"
"2022-10-24 13:29:48","189.129.38.158","2222","offline","2022-10-30","QakBot"
"2022-10-24 13:29:52","190.74.248.136","443","offline","2022-11-07","QakBot"
"2022-10-24 14:44:34","102.157.250.192","995","offline","2022-10-24","QakBot"
"2022-10-24 15:34:51","160.176.137.80","443","offline","2022-10-24","QakBot"
"2022-10-24 15:59:03","72.217.105.238","443","offline","2022-10-24","QakBot"
"2022-10-24 16:25:14","98.207.190.55","443","offline","2022-11-16","QakBot"
"2022-10-24 17:14:42","41.98.239.92","443","offline","2022-10-24","QakBot"
"2022-10-24 17:51:44","104.219.233.30","443","online","2022-11-16","BumbleBee"
"2022-10-24 18:04:39","105.111.81.57","443","offline","2022-10-24","QakBot"
"2022-10-24 18:30:02","105.158.78.156","443","offline","2022-10-24","QakBot"
"2022-10-24 20:09:38","2.88.206.121","443","offline","2022-10-26","QakBot"
"2022-10-24 23:04:10","27.110.134.202","995","online","2022-11-16","QakBot"
"2022-10-24 23:04:46","190.207.137.189","2222","offline","2022-10-25","QakBot"
"2022-10-25 01:09:12","58.247.115.126","995","offline","2022-11-16","QakBot"
"2022-10-25 06:34:41","156.197.230.148","995","offline","2022-10-26","QakBot"
"2022-10-25 12:05:29","71.199.168.185","443","offline","2022-11-03","QakBot"
"2022-10-25 12:05:30","24.206.27.39","443","online","2022-11-16","QakBot"
"2022-10-25 12:05:31","24.116.45.121","443","online","2022-11-16","QakBot"
"2022-10-25 12:05:31","70.115.104.126","443","offline","2022-10-25","QakBot"
"2022-10-25 12:05:31","24.9.220.167","443","offline","2022-10-27","QakBot"
"2022-10-25 12:05:32","190.24.45.24","995","offline","2022-11-16","QakBot"
"2022-10-25 12:05:32","68.62.199.70","443","offline","2022-10-27","QakBot"
"2022-10-25 12:05:32","43.241.159.238","443","offline","2022-10-25","QakBot"
"2022-10-25 12:05:33","197.202.196.43","443","offline","2022-10-25","QakBot"
"2022-10-25 12:05:45","88.240.75.201","443","offline","2022-10-25","QakBot"
"2022-10-25 13:20:55","191.33.187.192","2222","offline","2022-10-27","QakBot"
"2022-10-25 13:45:47","24.207.97.117","443","offline","2022-10-27","QakBot"
"2022-10-25 13:45:51","186.154.189.162","995","offline","2022-10-27","QakBot"
"2022-10-25 14:10:31","64.123.103.123","443","offline","2022-11-16","QakBot"
"2022-10-25 15:25:42","151.213.183.141","995","offline","2022-11-11","QakBot"
"2022-10-25 15:50:37","75.84.234.68","443","offline","2022-11-16","QakBot"
"2022-10-25 18:11:42","107.189.14.8","443","offline","2022-11-04","BumbleBee"
"2022-10-25 20:00:50","197.2.193.4","995","offline","2022-10-25","QakBot"
"2022-10-25 20:25:42","47.14.229.4","443","offline","2022-11-04","QakBot"
"2022-10-25 20:50:42","41.47.249.185","443","offline","2022-10-26","QakBot"
"2022-10-26 01:25:10","190.37.174.11","2222","offline","2022-10-31","QakBot"
"2022-10-26 02:15:47","173.49.74.62","443","offline","2022-10-26","QakBot"
"2022-10-26 08:05:15","186.188.80.134","443","offline","2022-10-27","QakBot"
"2022-10-26 14:45:48","174.29.45.113","443","offline","2022-10-26","QakBot"
"2022-10-26 16:02:40","64.207.237.118","443","online","2022-11-16","QakBot"
"2022-10-26 16:02:41","156.216.134.70","995","offline","2022-10-27","QakBot"
"2022-10-26 16:02:44","190.199.97.108","993","offline","2022-10-30","QakBot"
"2022-10-26 16:02:51","70.60.142.214","2222","offline","2022-11-08","QakBot"
"2022-10-26 17:36:38","69.46.15.158","443","offline","2022-10-26","BumbleBee"
"2022-10-26 17:42:52","105.106.60.149","443","offline","2022-10-26","QakBot"
"2022-10-27 01:11:32","201.223.169.238","32100","offline","2022-10-27","QakBot"
"2022-10-27 04:56:19","102.159.110.79","995","offline","2022-10-27","QakBot"
"2022-10-27 07:24:15","149.126.159.224","443","offline","2022-11-15","QakBot"
"2022-10-27 12:53:36","188.49.56.189","443","offline","2022-10-30","QakBot"
"2022-10-27 14:08:48","109.136.174.200","995","offline","2022-11-10","QakBot"
"2022-10-27 14:08:49","45.35.97.45","443","offline","2022-10-31","QakBot"
"2022-10-27 14:08:49","45.48.36.226","2087","offline","2022-10-28","QakBot"
"2022-10-27 14:08:50","41.200.117.82","443","offline","2022-10-27","QakBot"
"2022-10-27 14:08:52","181.118.183.124","443","offline","2022-10-28","QakBot"
"2022-10-27 14:08:54","97.118.223.249","443","offline","2022-10-27","QakBot"
"2022-10-27 14:08:54","190.18.236.175","443","offline","2022-11-15","QakBot"
"2022-10-27 14:08:56","70.51.139.148","2222","offline","2022-11-02","QakBot"
"2022-10-27 14:09:02","27.109.19.90","2078","offline","2022-11-15","QakBot"
"2022-10-27 16:35:57","24.177.111.153","443","offline","2022-10-27","QakBot"
"2022-10-27 17:03:43","156.220.47.67","993","offline","2022-10-27","QakBot"
"2022-10-27 17:26:40","135.125.241.35","443","offline","2022-10-27","BumbleBee"
"2022-10-27 17:26:44","172.86.120.141","443","offline","2022-10-27","BumbleBee"
"2022-10-27 17:36:41","23.106.160.141","443","offline","2022-10-27","BumbleBee"
"2022-10-27 19:43:51","102.156.146.34","995","offline","2022-10-28","QakBot"
"2022-10-27 23:28:52","70.187.0.87","2078","offline","2022-11-09","QakBot"
"2022-10-28 02:00:15","103.233.103.85","443","online","2022-11-16","Dridex"
"2022-10-28 17:36:38","91.206.178.81","443","offline","2022-10-29","BumbleBee"
"2022-10-28 19:49:03","45.184.179.188","2222","offline","2022-10-30","QakBot"
"2022-10-29 05:03:32","112.141.184.246","995","offline","2022-11-15","QakBot"
"2022-10-29 05:50:09","62.46.231.64","443","offline","2022-11-03","QakBot"
"2022-10-29 09:38:38","109.133.67.116","995","offline","2022-11-15","QakBot"
"2022-10-29 17:36:38","104.244.77.61","443","online","2022-11-16","BumbleBee"
"2022-10-30 17:36:41","146.19.173.71","443","offline","2022-10-30","BumbleBee"
"2022-10-31 12:51:27","174.77.209.5","443","online","2022-11-16","QakBot"
"2022-10-31 12:51:38","205.161.22.189","443","offline","2022-11-08","QakBot"
"2022-10-31 13:43:55","84.35.26.14","995","online","2022-11-16","QakBot"
"2022-10-31 13:43:57","74.92.243.113","995","offline","2022-11-09","QakBot"
"2022-10-31 13:43:57","74.92.243.113","50000","online","2022-11-16","QakBot"
"2022-10-31 13:43:57","216.82.134.218","443","offline","2022-11-10","QakBot"
"2022-10-31 13:44:01","92.185.204.18","2078","offline","2022-11-16","QakBot"
"2022-10-31 13:44:01","186.64.67.44","443","offline","2022-11-11","QakBot"
"2022-10-31 13:44:03","179.100.109.130","32101","offline","2022-11-02","QakBot"
"2022-10-31 13:44:30","177.17.210.208","2222","offline","2022-11-04","QakBot"
"2022-10-31 13:44:35","41.99.158.37","443","offline","2022-10-31","QakBot"
"2022-10-31 14:13:57","186.155.62.161","995","offline","2022-11-01","QakBot"
"2022-10-31 14:44:15","197.1.227.26","995","offline","2022-10-31","QakBot"
"2022-10-31 14:44:17","24.69.87.61","443","offline","2022-11-16","QakBot"
"2022-10-31 15:14:00","190.207.196.66","2222","offline","2022-11-01","QakBot"
"2022-10-31 15:43:55","217.102.172.187","443","offline","2022-10-31","QakBot"
"2022-10-31 17:51:40","146.19.253.53","443","offline","2022-11-11","BumbleBee"
"2022-10-31 19:11:56","85.241.180.94","443","online","2022-11-16","QakBot"
"2022-10-31 19:41:17","87.57.13.215","443","offline","2022-11-15","QakBot"
"2022-10-31 20:38:29","181.55.106.237","443","online","2022-11-16","QakBot"
"2022-10-31 21:44:24","186.73.140.43","443","offline","2022-11-14","QakBot"
"2022-11-01 05:16:43","146.59.116.196","443","offline","2022-11-06","BumbleBee"
"2022-11-01 05:21:43","198.98.56.242","443","online","2022-11-16","BumbleBee"
"2022-11-01 13:42:13","50.68.204.71","995","online","2022-11-16","QakBot"
"2022-11-01 13:42:14","76.68.34.167","2222","offline","2022-11-15","QakBot"
"2022-11-01 13:42:15","123.3.240.16","995","offline","2022-11-16","QakBot"
"2022-11-01 13:45:26","65.20.175.208","443","offline","2022-11-09","QakBot"
"2022-11-01 13:45:27","78.161.38.242","443","offline","2022-11-03","QakBot"
"2022-11-01 13:45:27","154.247.31.51","993","offline","2022-11-02","QakBot"
"2022-11-01 13:45:27","154.247.31.51","995","offline","2022-11-02","QakBot"
"2022-11-01 13:45:28","154.247.31.51","32103","offline","2022-11-02","QakBot"
"2022-11-01 13:45:28","50.68.204.71","993","online","2022-11-16","QakBot"
"2022-11-01 13:45:30","68.146.18.15","443","offline","2022-11-03","QakBot"
"2022-11-01 13:45:32","78.202.9.97","443","offline","2022-11-12","QakBot"
"2022-11-01 13:45:34","50.68.204.71","443","online","2022-11-16","QakBot"
"2022-11-01 13:45:34","74.33.84.227","443","online","2022-11-16","QakBot"
"2022-11-01 13:45:38","199.68.108.190","443","offline","2022-11-01","QakBot"
"2022-11-01 14:45:28","102.158.228.70","995","offline","2022-11-02","QakBot"
"2022-11-01 14:45:33","24.253.221.86","443","offline","2022-11-07","QakBot"
"2022-11-01 15:12:14","76.125.91.160","443","offline","2022-11-16","QakBot"
"2022-11-01 15:15:20","174.0.224.214","443","offline","2022-11-16","QakBot"
"2022-11-01 15:44:49","190.203.11.218","443","offline","2022-11-10","QakBot"
"2022-11-01 17:41:41","146.70.125.80","443","offline","2022-11-05","BumbleBee"
"2022-11-01 18:15:21","156.220.4.75","993","offline","2022-11-01","QakBot"
"2022-11-01 18:42:10","172.219.147.156","3389","offline","2022-11-08","QakBot"
"2022-11-01 20:11:42","45.49.137.80","443","online","2022-11-16","QakBot"
"2022-11-01 20:15:03","88.171.156.150","50000","offline","2022-11-14","QakBot"
"2022-11-01 20:42:13","94.49.5.116","443","offline","2022-11-04","QakBot"
"2022-11-01 20:45:37","73.88.173.113","443","online","2022-11-16","QakBot"
"2022-11-01 21:15:31","142.161.120.116","2222","offline","2022-11-01","QakBot"
"2022-11-01 23:15:24","49.175.72.56","443","online","2022-11-16","QakBot"
"2022-11-01 23:45:41","78.162.245.96","443","offline","2022-11-02","QakBot"
"2022-11-02 02:33:49","70.64.77.115","443","online","2022-11-16","QakBot"
"2022-11-02 04:31:40","212.114.52.124","443","offline","2022-11-05","BumbleBee"
"2022-11-02 04:31:41","23.108.57.5","443","offline","2022-11-02","BumbleBee"
"2022-11-02 05:28:48","66.131.25.6","443","offline","2022-11-14","QakBot"
"2022-11-02 05:53:44","182.66.197.35","443","offline","2022-11-16","QakBot"
"2022-11-02 09:42:39","182.162.143.56","443","online","2022-11-16","Emotet"
"2022-11-02 10:22:34","169.60.181.70","8080","offline","2022-11-05","Emotet"
"2022-11-02 10:43:33","149.28.143.92","443","offline","2022-11-05","Emotet"
"2022-11-02 10:43:38","186.250.48.5","443","online","2022-11-16","Emotet"
"2022-11-02 11:15:29","91.187.140.35","8080","offline","2022-11-14","Emotet"
"2022-11-02 11:15:31","167.172.199.165","8080","online","2022-11-16","Emotet"
"2022-11-02 11:15:32","187.63.160.88","80","online","2022-11-16","Emotet"
"2022-11-02 11:17:56","97.119.133.150","443","offline","2022-11-02","QakBot"
"2022-11-02 12:33:45","94.60.141.48","995","offline","2022-11-14","QakBot"
"2022-11-02 16:15:19","73.165.119.20","443","offline","2022-11-15","QakBot"
"2022-11-02 16:15:26","201.245.250.192","995","offline","2022-11-03","QakBot"
"2022-11-02 16:15:27","174.4.112.228","443","offline","2022-11-07","QakBot"
"2022-11-02 16:44:11","157.231.42.190","995","online","2022-11-16","QakBot"
"2022-11-02 16:44:12","174.104.184.149","443","online","2022-11-16","QakBot"
"2022-11-02 16:44:12","109.151.171.116","2222","offline","2022-11-03","QakBot"
"2022-11-02 16:44:13","50.37.149.215","443","offline","2022-11-05","QakBot"
"2022-11-02 16:44:13","190.207.121.156","2222","offline","2022-11-03","QakBot"
"2022-11-02 16:44:14","67.87.214.7","443","offline","2022-11-08","QakBot"
"2022-11-02 16:44:14","142.118.239.135","2222","offline","2022-11-03","QakBot"
"2022-11-02 16:44:16","62.35.100.38","443","offline","2022-11-16","QakBot"
"2022-11-02 16:44:17","58.162.223.233","443","offline","2022-11-16","QakBot"
"2022-11-02 16:44:18","187.199.171.252","32103","offline","2022-11-08","QakBot"
"2022-11-02 16:44:18","204.210.210.7","443","online","2022-11-16","QakBot"
"2022-11-02 16:44:24","91.138.17.202","443","offline","2022-11-05","QakBot"
"2022-11-02 16:44:25","157.231.42.190","443","online","2022-11-16","QakBot"
"2022-11-02 16:44:25","74.59.46.149","2222","offline","2022-11-10","QakBot"
"2022-11-02 16:44:25","41.44.11.227","995","offline","2022-11-05","QakBot"
"2022-11-02 16:44:27","64.127.146.153","443","offline","2022-11-16","QakBot"
"2022-11-02 17:44:11","78.165.146.61","443","offline","2022-11-10","QakBot"
"2022-11-02 17:51:43","146.70.135.135","443","offline","2022-11-02","BumbleBee"
"2022-11-02 18:14:15","99.253.103.210","443","offline","2022-11-16","QakBot"
"2022-11-02 18:14:29","50.86.217.209","443","offline","2022-11-16","QakBot"
"2022-11-02 19:05:38","27.254.65.114","8080","online","2022-11-16","Emotet"
"2022-11-02 19:14:24","217.39.57.121","443","offline","2022-11-03","QakBot"
"2022-11-02 19:15:28","159.65.3.147","7080","online","2022-11-16","Emotet"
"2022-11-02 19:44:29","108.44.207.232","443","offline","2022-11-08","QakBot"
"2022-11-02 19:54:23","103.42.56.15","443","offline","2022-11-02","Dridex"
"2022-11-02 21:01:41","176.223.165.119","443","offline","2022-11-03","BumbleBee"
"2022-11-02 21:01:41","51.75.63.234","443","online","2022-11-16","BumbleBee"
"2022-11-02 21:01:42","193.109.120.156","443","offline","2022-11-02","BumbleBee"
"2022-11-02 21:01:42","104.168.171.189","443","offline","2022-11-02","BumbleBee"
"2022-11-02 21:01:42","192.111.146.184","443","offline","2022-11-02","BumbleBee"
"2022-11-02 21:01:42","104.219.233.113","443","online","2022-11-16","BumbleBee"
"2022-11-02 23:27:51","86.173.19.76","443","offline","2022-11-03","QakBot"
"2022-11-02 23:52:50","173.32.181.236","443","offline","2022-11-11","QakBot"
"2022-11-03 03:37:38","68.103.242.126","995","offline","2022-11-15","QakBot"
"2022-11-03 06:57:54","92.239.81.124","443","offline","2022-11-16","QakBot"
"2022-11-03 07:03:41","110.4.255.247","443","offline","2022-11-14","QakBot"
"2022-11-03 07:23:03","178.192.56.13","2222","offline","2022-11-15","QakBot"
"2022-11-03 12:48:01","97.119.214.233","443","offline","2022-11-03","QakBot"
"2022-11-03 13:12:58","47.6.225.229","443","offline","2022-11-16","QakBot"
"2022-11-03 15:14:13","181.118.183.103","443","offline","2022-11-04","QakBot"
"2022-11-03 15:14:21","212.251.122.147","995","offline","2022-11-16","QakBot"
"2022-11-03 15:14:24","92.90.101.167","443","offline","2022-11-15","QakBot"
"2022-11-03 15:14:28","87.218.114.203","2222","offline","2022-11-07","QakBot"
"2022-11-03 15:43:14","154.247.15.173","993","offline","2022-11-04","QakBot"
"2022-11-03 15:43:17","87.220.68.51","2222","offline","2022-11-13","QakBot"
"2022-11-03 15:43:19","88.122.208.197","32100","offline","2022-11-03","QakBot"
"2022-11-03 15:43:20","75.156.125.215","995","offline","2022-11-16","QakBot"
"2022-11-03 15:43:22","75.99.125.238","2222","online","2022-11-16","QakBot"
"2022-11-03 15:43:23","84.113.121.103","443","offline","2022-11-16","QakBot"
"2022-11-03 15:43:23","66.180.227.170","2222","offline","2022-11-09","QakBot"
"2022-11-03 15:43:24","46.229.194.17","443","offline","2022-11-10","QakBot"
"2022-11-03 15:43:24","172.249.99.143","2087","offline","2022-11-04","QakBot"
"2022-11-03 15:43:25","47.34.30.133","443","online","2022-11-16","QakBot"
"2022-11-03 15:43:25","105.154.112.77","443","offline","2022-11-03","QakBot"
"2022-11-03 15:43:25","91.68.227.219","443","offline","2022-11-16","QakBot"
"2022-11-03 15:43:25","92.24.200.226","995","offline","2022-11-14","QakBot"
"2022-11-03 15:43:25","62.31.130.138","465","offline","2022-11-16","QakBot"
"2022-11-03 15:43:25","89.216.114.179","443","offline","2022-11-10","QakBot"
"2022-11-03 15:43:26","89.115.196.99","443","offline","2022-11-16","QakBot"
"2022-11-03 15:43:26","154.247.15.173","2078","offline","2022-11-03","QakBot"
"2022-11-03 15:43:26","73.36.196.11","443","online","2022-11-16","QakBot"
"2022-11-03 15:43:26","154.247.15.173","995","offline","2022-11-04","QakBot"
"2022-11-03 15:43:27","201.192.179.221","443","offline","2022-11-08","QakBot"
"2022-11-03 15:43:29","75.98.154.19","443","online","2022-11-16","QakBot"
"2022-11-03 15:43:29","91.169.12.198","32100","online","2022-11-16","QakBot"
"2022-11-03 15:43:30","86.225.214.138","2222","online","2022-11-16","QakBot"
"2022-11-03 15:43:30","154.247.15.173","990","offline","2022-11-03","QakBot"
"2022-11-03 15:43:30","154.247.15.173","32103","offline","2022-11-04","QakBot"
"2022-11-03 16:07:34","94.15.58.251","443","offline","2022-11-11","QakBot"
"2022-11-03 16:33:26","87.223.89.23","443","offline","2022-11-03","QakBot"
"2022-11-03 16:33:29","91.165.188.74","50000","offline","2022-11-16","QakBot"
"2022-11-03 17:36:36","108.62.118.114","443","offline","2022-11-03","BumbleBee"
"2022-11-03 17:48:25","190.199.109.80","2222","offline","2022-11-03","QakBot"
"2022-11-03 18:59:29","80.0.74.165","443","online","2022-11-16","QakBot"
"2022-11-03 19:03:33","84.209.52.11","443","offline","2022-11-16","QakBot"
"2022-11-03 19:28:22","151.30.53.233","443","online","2022-11-16","QakBot"
"2022-11-03 20:18:23","27.33.237.105","443","offline","2022-11-04","QakBot"
"2022-11-03 21:33:44","24.4.239.157","443","offline","2022-11-14","QakBot"
"2022-11-03 21:58:41","142.115.159.36","2222","offline","2022-11-07","QakBot"
"2022-11-03 22:48:47","86.185.119.90","443","offline","2022-11-04","QakBot"
"2022-11-03 23:37:57","24.232.88.41","443","offline","2022-11-04","QakBot"
"2022-11-04 00:03:22","174.58.146.57","443","offline","2022-11-16","QakBot"
"2022-11-04 00:03:32","70.181.149.227","443","offline","2022-11-16","QakBot"
"2022-11-04 00:03:41","110.23.76.9","2222","offline","2022-11-04","QakBot"
"2022-11-04 01:43:24","75.141.227.169","443","offline","2022-11-12","QakBot"
"2022-11-04 03:48:07","136.244.25.165","443","offline","2022-11-11","QakBot"
"2022-11-04 06:17:32","139.5.239.14","443","offline","2022-11-14","QakBot"
"2022-11-04 07:58:54","83.11.89.137","2222","offline","2022-11-07","QakBot"
"2022-11-04 08:19:24","82.141.152.214","443","offline","2022-11-07","QakBot"
"2022-11-04 08:31:39","146.70.147.7","443","offline","2022-11-04","BumbleBee"
"2022-11-04 08:36:35","146.70.161.59","443","offline","2022-11-05","BumbleBee"
"2022-11-04 08:36:35","192.236.194.104","443","offline","2022-11-04","BumbleBee"
"2022-11-04 08:36:37","64.44.102.224","443","offline","2022-11-04","BumbleBee"
"2022-11-04 09:09:23","87.99.116.47","443","offline","2022-11-16","QakBot"
"2022-11-04 09:13:26","86.129.13.178","2222","offline","2022-11-11","QakBot"
"2022-11-04 10:03:32","73.223.248.31","443","offline","2022-11-16","QakBot"
"2022-11-04 12:29:23","92.25.139.40","443","offline","2022-11-06","QakBot"
"2022-11-04 12:29:25","190.199.161.250","993","offline","2022-11-05","QakBot"
"2022-11-04 12:29:25","70.66.199.12","443","offline","2022-11-16","QakBot"
"2022-11-04 12:29:27","139.216.164.122","443","offline","2022-11-10","QakBot"
"2022-11-04 12:29:28","24.142.218.202","443","offline","2022-11-15","QakBot"
"2022-11-04 12:29:29","174.101.111.4","443","online","2022-11-16","QakBot"
"2022-11-04 12:29:30","72.53.103.56","443","offline","2022-11-14","QakBot"
"2022-11-04 12:29:31","73.29.92.128","443","offline","2022-11-07","QakBot"
"2022-11-04 12:29:33","105.184.161.175","443","offline","2022-11-11","QakBot"
"2022-11-04 12:29:35","184.153.132.82","443","online","2022-11-16","QakBot"
"2022-11-04 12:29:38","67.10.175.47","2222","online","2022-11-16","QakBot"
"2022-11-04 12:29:38","90.104.22.28","2222","online","2022-11-16","QakBot"
"2022-11-04 12:29:39","184.162.156.115","2222","offline","2022-11-05","QakBot"
"2022-11-04 12:29:39","24.64.114.59","2222","online","2022-11-16","QakBot"
"2022-11-04 12:29:39","24.64.114.59","3389","online","2022-11-16","QakBot"
"2022-11-04 12:29:40","190.36.189.154","2222","offline","2022-11-10","QakBot"
"2022-11-04 12:29:40","85.61.165.153","2222","online","2022-11-16","QakBot"
"2022-11-04 12:29:47","206.1.199.69","2087","offline","2022-11-05","QakBot"
"2022-11-04 12:29:53","94.63.65.146","443","online","2022-11-16","QakBot"
"2022-11-04 12:54:33","203.217.65.6","443","offline","2022-11-06","QakBot"
"2022-11-04 12:54:40","72.80.249.39","995","offline","2022-11-05","QakBot"
"2022-11-04 13:19:54","190.27.77.14","995","offline","2022-11-06","QakBot"
"2022-11-04 13:44:37","41.230.166.34","995","offline","2022-11-04","QakBot"
"2022-11-04 13:44:44","190.79.133.56","2222","offline","2022-11-04","QakBot"
"2022-11-04 14:34:34","92.239.222.177","443","offline","2022-11-05","QakBot"
"2022-11-04 15:24:49","190.204.83.110","2222","offline","2022-11-08","QakBot"
"2022-11-04 16:18:16","76.185.166.168","443","offline","2022-11-11","QakBot"
"2022-11-04 16:39:55","86.157.12.148","443","offline","2022-11-16","QakBot"
"2022-11-04 17:36:38","172.93.193.149","443","offline","2022-11-04","BumbleBee"
"2022-11-04 18:48:34","45.62.78.1","443","offline","2022-11-16","QakBot"
"2022-11-04 19:09:47","98.145.23.67","443","online","2022-11-16","QakBot"
"2022-11-04 21:40:05","173.209.185.159","443","online","2022-11-16","QakBot"
"2022-11-04 23:20:14","173.238.202.233","443","offline","2022-11-06","QakBot"
"2022-11-05 05:19:47","151.237.76.117","443","online","2022-11-16","QakBot"
"2022-11-05 07:49:48","85.59.61.52","2222","online","2022-11-16","QakBot"
"2022-11-05 09:11:41","146.70.139.252","443","offline","2022-11-05","BumbleBee"
"2022-11-05 09:11:41","54.37.131.10","443","online","2022-11-16","BumbleBee"
"2022-11-05 09:11:41","192.119.120.146","443","offline","2022-11-05","BumbleBee"
"2022-11-05 17:31:39","45.61.187.160","443","online","2022-11-16","BumbleBee"
"2022-11-06 17:31:38","91.245.254.101","443","offline","2022-11-07","BumbleBee"
"2022-11-07 00:27:29","66.168.180.66","443","offline","2022-11-09","QakBot"
"2022-11-07 14:54:50","187.37.47.42","995","offline","2022-11-07","QakBot"
"2022-11-07 17:40:36","107.189.30.231","443","online","2022-11-16","BumbleBee"
"2022-11-07 19:25:40","167.71.4.0","8080","offline","2022-11-08","Emotet"
"2022-11-07 20:40:35","194.135.33.127","443","offline","2022-11-07","BumbleBee"
"2022-11-07 20:40:37","103.144.139.156","443","offline","2022-11-09","BumbleBee"
"2022-11-08 03:40:35","172.86.121.123","443","offline","2022-11-08","BumbleBee"
"2022-11-08 03:50:22","85.239.52.15","443","offline","2022-11-08","BumbleBee"
"2022-11-08 03:50:27","85.239.54.192","443","offline","2022-11-08","BumbleBee"
"2022-11-08 03:50:28","85.239.52.113","443","offline","2022-11-08","BumbleBee"
"2022-11-08 12:43:33","46.190.93.247","50000","offline","2022-11-08","QakBot"
"2022-11-08 17:35:34","104.219.233.129","443","online","2022-11-16","BumbleBee"
"2022-11-08 20:55:33","146.19.253.28","443","offline","2022-11-08","BumbleBee"
"2022-11-08 20:55:33","176.223.165.108","443","offline","2022-11-09","BumbleBee"
"2022-11-08 20:55:34","146.70.149.38","443","offline","2022-11-09","BumbleBee"
"2022-11-08 23:17:44","152.171.41.171","443","offline","2022-11-08","QakBot"
"2022-11-09 04:05:34","104.219.233.130","443","offline","2022-11-09","BumbleBee"
"2022-11-09 04:10:38","192.236.194.101","443","offline","2022-11-09","BumbleBee"
"2022-11-09 04:10:38","104.219.233.127","443","offline","2022-11-09","BumbleBee"
"2022-11-09 04:10:38","146.70.161.82","443","offline","2022-11-09","BumbleBee"
"2022-11-09 12:15:06","176.223.165.125","443","offline","2022-11-09","BumbleBee"
"2022-11-09 12:15:06","45.66.248.216","443","offline","2022-11-09","BumbleBee"
"2022-11-09 16:05:35","51.83.225.143","443","online","2022-11-16","BumbleBee"
"2022-11-09 16:05:35","146.70.100.80","443","offline","2022-11-09","BumbleBee"
"2022-11-09 16:05:36","64.44.101.25","443","offline","2022-11-09","BumbleBee"
"2022-11-09 17:35:36","104.219.233.125","443","online","2022-11-16","BumbleBee"
"2022-11-10 02:23:14","73.60.227.230","443","offline","2022-11-14","QakBot"
"2022-11-10 07:45:13","115.178.55.22","80","offline","2022-11-13","Emotet"
"2022-11-10 09:14:53","172.105.115.71","8080","online","2022-11-16","Emotet"
"2022-11-10 15:52:18","173.255.211.88","443","offline","2022-11-11","Emotet"
"2022-11-10 16:12:57","45.63.99.23","7080","offline","2022-11-11","Emotet"
"2022-11-10 17:20:37","104.219.233.38","443","offline","2022-11-10","BumbleBee"
"2022-11-10 17:20:38","146.59.116.242","443","online","2022-11-16","BumbleBee"
"2022-11-10 17:20:38","192.119.87.45","443","offline","2022-11-10","BumbleBee"
"2022-11-10 17:20:39","192.119.120.22","443","offline","2022-11-10","BumbleBee"
"2022-11-10 17:35:35","192.236.208.19","443","offline","2022-11-10","BumbleBee"
"2022-11-11 13:21:02","138.207.238.47","443","offline","2022-11-16","QakBot"
"2022-11-11 17:35:36","45.61.187.40","443","online","2022-11-16","BumbleBee"
"2022-11-12 17:30:37","54.37.130.24","443","online","2022-11-16","BumbleBee"
"2022-11-13 17:30:38","64.44.102.239","443","offline","2022-11-13","BumbleBee"
"2022-11-14 15:41:40","92.27.86.48","2222","offline","2022-11-16","QakBot"
"2022-11-14 15:41:41","170.253.25.35","443","online","2022-11-16","QakBot"
"2022-11-14 15:41:41","105.103.27.80","32103","offline","2022-11-15","QakBot"
"2022-11-14 15:41:41","24.64.114.59","61202","offline","2022-11-14","QakBot"
"2022-11-14 15:41:41","92.207.132.174","2222","online","2022-11-16","QakBot"
"2022-11-14 15:41:42","86.129.13.128","2222","offline","2022-11-14","QakBot"
"2022-11-14 15:41:42","108.6.249.139","443","online","2022-11-16","QakBot"
"2022-11-14 15:41:43","74.66.134.24","443","online","2022-11-16","QakBot"
"2022-11-14 15:41:43","82.121.237.106","2222","offline","2022-11-16","QakBot"
"2022-11-14 15:41:44","105.184.161.242","443","online","2022-11-16","QakBot"
"2022-11-14 15:41:45","105.103.27.80","990","offline","2022-11-15","QakBot"
"2022-11-14 15:41:45","105.103.27.80","2078","offline","2022-11-14","QakBot"
"2022-11-14 15:41:45","87.220.205.14","2222","offline","2022-11-16","QakBot"
"2022-11-14 15:41:46","2.84.98.228","2222","online","2022-11-16","QakBot"
"2022-11-14 15:41:46","213.91.235.146","443","online","2022-11-16","QakBot"
"2022-11-14 15:41:46","79.37.204.67","443","online","2022-11-16","QakBot"
"2022-11-14 15:41:46","90.221.5.105","443","online","2022-11-16","QakBot"
"2022-11-14 15:41:47","213.67.255.57","2222","offline","2022-11-16","QakBot"
"2022-11-14 15:41:47","92.137.74.174","2222","offline","2022-11-16","QakBot"
"2022-11-14 15:41:48","24.49.232.96","443","online","2022-11-16","QakBot"
"2022-11-14 15:41:48","24.49.232.96","995","offline","2022-11-15","QakBot"
"2022-11-14 15:41:48","109.11.175.42","2222","offline","2022-11-16","QakBot"
"2022-11-14 15:41:48","92.106.70.62","2222","online","2022-11-16","QakBot"
"2022-11-14 15:41:50","76.127.192.23","443","online","2022-11-16","QakBot"
"2022-11-14 15:41:50","24.28.121.122","443","offline","2022-11-16","QakBot"
"2022-11-14 15:41:50","77.126.81.208","443","online","2022-11-16","QakBot"
"2022-11-14 15:41:50","105.103.27.80","22","offline","2022-11-14","QakBot"
"2022-11-14 15:41:50","81.159.252.167","2222","offline","2022-11-15","QakBot"
"2022-11-14 15:41:51","75.143.236.149","443","online","2022-11-16","QakBot"
"2022-11-14 15:41:51","176.142.207.63","443","offline","2022-11-16","QakBot"
"2022-11-14 15:41:52","170.249.59.153","443","online","2022-11-16","QakBot"
"2022-11-14 15:41:52","151.32.168.124","443","offline","2022-11-15","QakBot"
"2022-11-14 15:41:52","173.239.94.212","443","online","2022-11-16","QakBot"
"2022-11-14 15:41:52","85.74.158.150","2222","offline","2022-11-16","QakBot"
"2022-11-14 15:41:53","87.65.160.87","995","online","2022-11-16","QakBot"
"2022-11-14 15:41:53","69.133.162.35","443","online","2022-11-16","QakBot"
"2022-11-14 15:41:53","81.229.117.95","2222","online","2022-11-16","QakBot"
"2022-11-14 15:41:53","68.47.128.161","443","online","2022-11-16","QakBot"
"2022-11-14 15:41:53","24.64.114.59","2078","offline","2022-11-15","QakBot"
"2022-11-14 15:41:54","88.126.94.4","50000","offline","2022-11-16","QakBot"
"2022-11-14 15:41:54","82.127.174.33","2222","offline","2022-11-16","QakBot"
"2022-11-14 15:41:54","47.41.154.250","443","online","2022-11-16","QakBot"
"2022-11-14 15:41:54","72.82.136.90","443","offline","2022-11-16","QakBot"
"2022-11-14 15:41:54","174.45.15.123","443","online","2022-11-16","QakBot"
"2022-11-14 16:01:42","91.180.68.95","2222","offline","2022-11-16","QakBot"
"2022-11-14 16:21:43","83.11.84.105","2222","offline","2022-11-16","QakBot"
"2022-11-14 16:21:52","109.152.70.207","50000","offline","2022-11-16","QakBot"
"2022-11-14 16:21:54","37.14.229.220","2222","offline","2022-11-16","QakBot"
"2022-11-14 16:21:54","93.164.248.234","443","offline","2022-11-16","QakBot"
"2022-11-14 16:35:35","64.44.135.140","443","offline","2022-11-14","BumbleBee"
"2022-11-14 16:35:36","146.70.149.43","443","offline","2022-11-15","BumbleBee"
"2022-11-14 16:35:37","103.144.139.150","443","offline","2022-11-15","BumbleBee"
"2022-11-14 16:41:46","78.69.251.252","2222","offline","2022-11-16","QakBot"
"2022-11-14 17:01:54","24.228.132.224","2222","online","2022-11-16","QakBot"
"2022-11-14 17:45:35","107.189.13.247","443","online","2022-11-16","BumbleBee"
"2022-11-14 18:01:45","86.171.75.63","443","offline","2022-11-16","QakBot"
"2022-11-14 18:21:58","197.1.200.71","995","offline","2022-11-15","QakBot"
"2022-11-14 18:41:56","199.83.165.233","443","online","2022-11-16","QakBot"
"2022-11-14 18:42:00","80.103.77.44","2222","offline","2022-11-16","QakBot"
"2022-11-14 18:42:01","82.34.170.37","443","online","2022-11-16","QakBot"
"2022-11-14 18:42:05","80.13.179.151","2222","online","2022-11-16","QakBot"
"2022-11-14 18:42:12","95.214.107.21","443","offline","2022-11-14","QakBot"
"2022-11-14 18:42:17","86.45.66.141","2222","offline","2022-11-15","QakBot"
"2022-11-14 18:42:24","92.149.205.238","2222","offline","2022-11-16","QakBot"
"2022-11-14 19:01:40","86.133.237.3","443","offline","2022-11-16","QakBot"
"2022-11-14 20:21:47","70.120.228.205","2083","offline","2022-11-16","QakBot"
"2022-11-14 22:02:22","142.161.27.232","2222","online","2022-11-16","QakBot"
"2022-11-14 23:42:04","41.109.78.231","995","offline","2022-11-15","QakBot"
"2022-11-15 00:22:18","92.189.214.236","2222","offline","2022-11-15","QakBot"
"2022-11-15 04:21:52","180.151.104.143","443","offline","2022-11-16","QakBot"
"2022-11-15 04:22:26","46.177.99.230","995","offline","2022-11-15","QakBot"
"2022-11-15 04:41:50","100.16.107.117","443","offline","2022-11-15","QakBot"
"2022-11-15 07:42:09","89.129.109.27","2222","offline","2022-11-16","QakBot"
"2022-11-15 07:42:09","93.24.192.142","20","offline","2022-11-16","QakBot"
"2022-11-15 07:42:24","2.98.146.106","995","offline","2022-11-16","QakBot"
"2022-11-15 08:02:11","62.35.67.88","443","offline","2022-11-16","QakBot"
"2022-11-15 08:02:16","87.202.101.164","50000","offline","2022-11-16","QakBot"
"2022-11-15 09:02:29","178.169.196.115","443","offline","2022-11-16","QakBot"
"2022-11-15 10:21:52","27.99.45.237","2222","offline","2022-11-15","QakBot"
"2022-11-15 10:42:01","81.111.108.123","443","offline","2022-11-15","QakBot"
"2022-11-15 13:02:35","61.92.123.169","443","offline","2022-11-16","QakBot"
"2022-11-15 13:02:54","76.80.180.154","995","online","2022-11-16","QakBot"
"2022-11-15 13:02:56","82.31.37.241","443","online","2022-11-16","QakBot"
"2022-11-15 13:02:56","172.90.139.138","2222","online","2022-11-16","QakBot"
"2022-11-15 13:02:58","76.80.180.154","993","offline","2022-11-15","QakBot"
"2022-11-15 13:02:58","92.109.39.207","443","offline","2022-11-15","QakBot"
"2022-11-15 13:03:01","87.223.80.45","443","offline","2022-11-16","QakBot"
"2022-11-15 13:03:03","209.171.163.72","995","offline","2022-11-15","QakBot"
"2022-11-15 13:03:04","190.78.64.132","993","offline","2022-11-16","QakBot"
"2022-11-15 13:03:07","186.64.67.39","443","offline","2022-11-16","QakBot"
"2022-11-15 13:21:47","142.119.40.220","2222","offline","2022-11-16","QakBot"
"2022-11-15 13:22:29","99.229.146.120","443","online","2022-11-16","QakBot"
"2022-11-15 14:20:56","86.158.3.195","443","offline","2022-11-15","QakBot"
"2022-11-15 14:41:04","70.121.198.103","2078","online","2022-11-16","QakBot"
"2022-11-15 15:20:33","88.152.182.39","443","offline","2022-11-16","QakBot"
"2022-11-15 16:00:18","2.83.62.105","443","offline","2022-11-15","QakBot"
"2022-11-15 16:20:33","90.78.85.59","2222","offline","2022-11-16","QakBot"
"2022-11-15 16:21:04","90.89.95.158","2222","online","2022-11-16","QakBot"
"2022-11-15 16:41:17","82.41.186.124","443","offline","2022-11-16","QakBot"
"2022-11-15 17:30:38","172.86.122.167","443","offline","2022-11-15","BumbleBee"
"2022-11-15 18:00:22","89.240.102.164","995","online","2022-11-16","QakBot"
"2022-11-15 18:40:16","78.92.133.215","443","offline","2022-11-16","QakBot"
"2022-11-15 18:41:05","2.88.219.187","443","online","2022-11-16","QakBot"
"2022-11-15 18:41:09","200.93.14.206","2222","online","2022-11-16","QakBot"
"2022-11-15 19:21:10","79.92.15.6","443","online","2022-11-16","QakBot"
"2022-11-15 21:01:09","131.106.168.223","443","offline","2022-11-15","QakBot"
"2022-11-15 21:20:54","73.230.28.7","443","online","2022-11-16","QakBot"
"2022-11-15 21:21:12","82.154.201.177","443","online","2022-11-16","QakBot"
"2022-11-15 21:21:14","156.217.219.147","995","offline","2022-11-15","QakBot"
"2022-11-15 22:40:28","82.155.111.187","443","offline","2022-11-16","QakBot"
"2022-11-16 00:21:06","81.129.134.53","443","offline","2022-11-16","QakBot"
"2022-11-16 00:41:09","98.30.233.14","443","offline","2022-11-16","QakBot"
"2022-11-16 02:41:12","94.70.37.145","2222","offline","2022-11-16","QakBot"
"2022-11-16 03:21:11","70.50.3.214","2222","offline","2022-11-16","QakBot"
"2022-11-16 05:41:03","193.92.233.183","995","offline","2022-11-16","QakBot"
"2022-11-16 13:01:04","80.189.213.49","2222","offline","2022-11-16","QakBot"
"2022-11-16 15:35:07","103.144.139.158","443","offline","2022-11-16","BumbleBee"
"2022-11-16 15:35:35","23.108.57.200","443","offline","2022-11-16","BumbleBee"
"2022-11-16 17:30:38","23.106.160.137","443","offline","2022-11-16","BumbleBee"
"2022-11-16 18:21:19","71.31.101.183","443","online","2022-11-16","QakBot"
"2022-11-16 18:21:20","73.22.121.210","443","offline","2022-11-16","QakBot"
"2022-11-16 18:21:21","186.28.85.119","995","online","2022-11-16","QakBot"
"2022-11-16 18:21:21","98.211.64.94","443","offline","2022-11-16","QakBot"
"2022-11-16 18:21:22","90.162.45.154","2222","online","2022-11-16","QakBot"
"2022-11-16 18:21:22","70.51.153.72","2222","offline","2022-11-16","QakBot"
"2022-11-16 18:21:23","76.20.42.45","443","online","2022-11-16","QakBot"
"2022-11-16 18:21:23","75.191.246.70","443","online","2022-11-16","QakBot"
"2022-11-16 18:21:24","90.4.98.190","2222","offline","2022-11-16","QakBot"
"2022-11-16 18:21:24","86.195.32.149","2222","offline","2022-11-16","QakBot"
"2022-11-16 18:21:27","188.92.64.68","443","offline","2022-11-16","QakBot"
"2022-11-16 18:21:28","109.145.27.139","443","online","2022-11-16","QakBot"
"2022-11-16 18:21:28","176.151.15.101","443","online","2022-11-16","QakBot"
"2022-11-16 18:21:30","66.191.69.18","995","online","2022-11-16","QakBot"
"2022-11-16 18:21:30","177.205.92.100","2222","offline","2022-11-16","QakBot"
"2022-11-16 18:21:31","82.9.210.36","443","offline","2022-11-16","QakBot"
"2022-11-16 18:21:31","80.121.8.212","995","offline","2022-11-16","QakBot"
"2022-11-16 18:21:34","187.199.224.16","32103","online","2022-11-16","QakBot"
"2022-11-16 18:21:35","82.121.73.56","2222","online","2022-11-16","QakBot"
"2022-11-16 18:21:35","190.75.110.239","443","online","2022-11-16","QakBot"
"2022-11-16 18:21:36","65.190.156.10","443","offline","2022-11-16","QakBot"
"2022-11-16 18:21:37","173.18.126.3","443","offline","2022-11-16","QakBot"
"2022-11-16 18:21:37","181.118.183.116","443","online","2022-11-16","QakBot"
"2022-11-16 18:21:38","105.103.50.1","32103","online","2022-11-16","QakBot"
"2022-11-16 18:21:39","121.122.99.151","995","online","2022-11-16","QakBot"
"2022-11-16 18:21:42","86.176.144.225","2222","offline","2022-11-16","QakBot"
"2022-11-16 18:21:47","177.46.111.176","995","offline","2022-11-16","QakBot"
"2022-11-16 19:21:15","76.9.168.249","443","offline","2022-11-16","QakBot"
"2022-11-16 19:21:39","83.7.53.150","443","offline","2022-11-16","QakBot"
"2022-11-16 23:40:32","64.121.161.102","443","online","2022-11-16","QakBot"
# END 767 entries