dst_ip,malware
51.178.161.32,Dridex
37.187.115.122,Dridex
1.234.21.73,Dridex
178.128.23.9,Dridex
45.79.91.89,Dridex
66.175.217.172,Dridex
104.248.178.90,Dridex
204.174.223.210,Dridex
192.99.150.39,Dridex
128.199.232.159,Dridex
159.65.3.147,Dridex
89.101.97.139,QakBot
120.150.218.241,QakBot
41.228.22.180,QakBot
173.21.10.71,QakBot
45.46.53.140,QakBot
217.17.56.163,QakBot
217.17.56.163,QakBot
71.74.12.34,QakBot
41.86.42.158,QakBot
63.143.92.99,QakBot
212.112.86.37,Dridex
69.64.50.41,Dridex
96.37.113.36,QakBot
117.248.109.38,QakBot
104.248.155.133,Dridex
95.110.160.239,Dridex
198.61.167.176,Dridex
196.44.98.190,Emotet
198.199.70.22,Dridex
87.120.254.252,BazarLoader
162.33.179.67,BazarLoader
103.109.247.10,Dridex
91.207.181.106,Emotet
129.232.146.250,Dridex
144.91.122.94,Dridex
24.178.196.158,QakBot
182.191.92.203,QakBot
31.35.28.29,QakBot
54.37.70.105,Emotet
103.124.107.109,BazarLoader
103.9.36.172,Dridex
139.99.30.176,Dridex
159.65.163.220,Emotet
139.196.72.155,Emotet
177.39.156.177,Emotet
66.230.104.103,QakBot
47.23.89.60,QakBot
196.203.37.215,QakBot
150.95.20.209,Emotet
193.253.44.249,QakBot
24.55.67.176,QakBot
103.75.201.2,Emotet
172.114.160.81,QakBot
172.114.160.81,QakBot
70.46.220.114,QakBot
213.32.75.32,Emotet
148.64.96.100,QakBot
116.125.120.88,Emotet
172.115.177.204,QakBot
174.69.215.101,QakBot
80.211.107.116,Emotet
165.22.246.219,Emotet
149.56.131.28,Emotet
120.61.1.185,QakBot
85.104.122.231,QakBot
94.23.45.86,Emotet
139.59.44.48,Emotet
178.62.112.199,Emotet
165.227.166.238,Emotet
167.172.248.70,Emotet
159.89.202.34,Emotet
23.88.117.246,BumbleBee
168.119.40.176,BumbleBee
104.244.79.94,Emotet
103.224.241.74,Emotet
162.243.103.246,Emotet
198.211.118.165,Emotet
218.38.121.17,Emotet
178.128.23.9,Emotet
138.197.68.35,Emotet
198.199.70.22,Emotet
172.105.226.75,Emotet
81.193.30.90,QakBot
213.239.212.5,Emotet
174.138.33.49,Emotet
104.168.155.143,Emotet
104.248.155.133,Emotet
128.199.93.156,Emotet
96.125.171.165,Emotet
103.159.224.46,Emotet
178.128.23.9,Emotet
178.128.82.218,Emotet
146.59.151.250,Emotet
164.90.222.65,Emotet
203.217.140.239,Emotet
1.234.21.73,Emotet
54.37.70.105,Emotet
178.128.31.80,Emotet
165.22.211.113,Emotet
45.55.44.204,Emotet
51.68.145.40,BumbleBee
51.83.249.204,BumbleBee
99.232.140.205,QakBot
179.158.103.236,QakBot
146.59.116.49,BumbleBee
72.88.245.71,QakBot
66.181.164.43,QakBot
146.59.116.54,BumbleBee
146.59.116.127,BumbleBee
70.49.33.200,QakBot
111.125.157.230,QakBot
144.202.15.58,QakBot
115.247.12.66,QakBot
85.143.218.249,TrickBot
75.71.96.226,QakBot
109.128.221.164,QakBot
58.186.75.42,QakBot
146.59.117.200,BumbleBee
146.59.116.77,BumbleBee
54.38.138.5,BumbleBee
51.83.250.102,BumbleBee
145.239.28.55,BumbleBee
54.37.131.164,BumbleBee
190.100.149.122,QakBot
51.83.250.153,BumbleBee
198.2.51.242,QakBot
186.18.210.16,QakBot
45.230.169.132,QakBot
54.38.136.144,BumbleBee
181.164.194.228,QakBot
163.182.177.80,QakBot
181.56.171.3,QakBot
152.170.17.136,QakBot
175.205.2.54,QakBot
136.232.184.134,QakBot
190.33.87.140,QakBot
146.59.116.146,BumbleBee
190.29.228.61,QakBot
186.18.77.99,QakBot
172.117.139.142,QakBot
90.165.109.4,QakBot
98.207.190.55,QakBot
104.219.233.30,BumbleBee
27.110.134.202,QakBot
58.247.115.126,QakBot
71.199.168.185,QakBot
24.206.27.39,QakBot
24.9.220.167,QakBot
190.24.45.24,QakBot
64.123.103.123,QakBot
75.84.234.68,QakBot
190.18.236.175,QakBot
27.109.19.90,QakBot
24.177.111.153,QakBot
103.233.103.85,Dridex
112.141.184.246,QakBot
109.133.67.116,QakBot
104.244.77.61,BumbleBee
174.77.209.5,QakBot
84.35.26.14,QakBot
74.92.243.113,QakBot
216.82.134.218,QakBot
92.185.204.18,QakBot
24.69.87.61,QakBot
85.241.180.94,QakBot
87.57.13.215,QakBot
181.55.106.237,QakBot
186.73.140.43,QakBot
146.59.116.196,BumbleBee
198.98.56.242,BumbleBee
50.68.204.71,QakBot
123.3.240.16,QakBot
65.20.175.208,QakBot
50.68.204.71,QakBot
68.146.18.15,QakBot
50.68.204.71,QakBot
24.253.221.86,QakBot
76.125.91.160,QakBot
45.49.137.80,QakBot
88.171.156.150,QakBot
73.88.173.113,QakBot
49.175.72.56,QakBot
70.64.77.115,QakBot
66.131.25.6,QakBot
182.66.197.35,QakBot
182.162.143.56,Emotet
186.250.48.5,Emotet
167.172.199.165,Emotet
187.63.160.88,Emotet
157.231.42.190,QakBot
174.104.184.149,QakBot
62.35.100.38,QakBot
58.162.223.233,QakBot
204.210.210.7,QakBot
157.231.42.190,QakBot
64.127.146.153,QakBot
99.253.103.210,QakBot
50.86.217.209,QakBot
27.254.65.114,Emotet
159.65.3.147,Emotet
108.44.207.232,QakBot
51.75.63.234,BumbleBee
104.219.233.113,BumbleBee
173.32.181.236,QakBot
68.103.242.126,QakBot
92.239.81.124,QakBot
47.6.225.229,QakBot
92.90.101.167,QakBot
87.220.68.51,QakBot
88.122.208.197,QakBot
75.156.125.215,QakBot
75.99.125.238,QakBot
84.113.121.103,QakBot
47.34.30.133,QakBot
91.68.227.219,QakBot
92.24.200.226,QakBot
62.31.130.138,QakBot
89.115.196.99,QakBot
73.36.196.11,QakBot
75.98.154.19,QakBot
91.169.12.198,QakBot
86.225.214.138,QakBot
91.165.188.74,QakBot
80.0.74.165,QakBot
84.209.52.11,QakBot
24.4.239.157,QakBot
24.232.88.41,QakBot
174.58.146.57,QakBot
70.181.149.227,QakBot
75.141.227.169,QakBot
136.244.25.165,QakBot
139.5.239.14,QakBot
87.99.116.47,QakBot
73.223.248.31,QakBot
70.66.199.12,QakBot
139.216.164.122,QakBot
24.142.218.202,QakBot
174.101.111.4,QakBot
72.53.103.56,QakBot
73.29.92.128,QakBot
184.153.132.82,QakBot
67.10.175.47,QakBot
90.104.22.28,QakBot
24.64.114.59,QakBot
24.64.114.59,QakBot
85.61.165.153,QakBot
94.63.65.146,QakBot
76.185.166.168,QakBot
86.157.12.148,QakBot
98.145.23.67,QakBot
173.209.185.159,QakBot
151.237.76.117,QakBot
85.59.61.52,QakBot
54.37.131.10,BumbleBee
45.61.187.160,BumbleBee
66.168.180.66,QakBot
107.189.30.231,BumbleBee
104.219.233.129,BumbleBee
152.171.41.171,QakBot
51.83.225.143,BumbleBee
104.219.233.125,BumbleBee
73.60.227.230,QakBot
172.105.115.71,Emotet
104.219.233.38,BumbleBee
146.59.116.242,BumbleBee
138.207.238.47,QakBot
45.61.187.40,BumbleBee
54.37.130.24,BumbleBee
92.27.86.48,QakBot
170.253.25.35,QakBot
24.64.114.59,QakBot
92.207.132.174,QakBot
108.6.249.139,QakBot
74.66.134.24,QakBot
82.121.237.106,QakBot
105.184.161.242,QakBot
2.84.98.228,QakBot
213.91.235.146,QakBot
213.67.255.57,QakBot
92.137.74.174,QakBot
109.11.175.42,QakBot
92.106.70.62,QakBot
76.127.192.23,QakBot
77.126.81.208,QakBot
75.143.236.149,QakBot
176.142.207.63,QakBot
170.249.59.153,QakBot
173.239.94.212,QakBot
85.74.158.150,QakBot
87.65.160.87,QakBot
69.133.162.35,QakBot
81.229.117.95,QakBot
24.64.114.59,QakBot
88.126.94.4,QakBot
47.41.154.250,QakBot
174.45.15.123,QakBot
91.180.68.95,QakBot
109.152.70.207,QakBot
37.14.229.220,QakBot
93.164.248.234,QakBot
78.69.251.252,QakBot
24.228.132.224,QakBot
107.189.13.247,BumbleBee
86.171.75.63,QakBot
199.83.165.233,QakBot
80.103.77.44,QakBot
82.34.170.37,QakBot
80.13.179.151,QakBot
95.214.107.21,QakBot
86.45.66.141,QakBot
92.149.205.238,QakBot
70.120.228.205,QakBot
142.161.27.232,QakBot
92.189.214.236,QakBot
100.16.107.117,QakBot
89.129.109.27,QakBot
93.24.192.142,QakBot
2.98.146.106,QakBot
62.35.67.88,QakBot
87.202.101.164,QakBot
178.169.196.115,QakBot
27.99.45.237,QakBot
81.111.108.123,QakBot
61.92.123.169,QakBot
76.80.180.154,QakBot
172.90.139.138,QakBot
209.171.163.72,QakBot
142.119.40.220,QakBot
86.158.3.195,QakBot
70.121.198.103,QakBot
88.152.182.39,QakBot
2.83.62.105,QakBot
90.89.95.158,QakBot
82.41.186.124,QakBot
78.92.133.215,QakBot
200.93.14.206,QakBot
79.92.15.6,QakBot
131.106.168.223,QakBot
73.230.28.7,QakBot
82.154.201.177,QakBot
70.50.3.214,QakBot
80.189.213.49,QakBot
23.108.57.200,BumbleBee
71.31.101.183,QakBot
73.22.121.210,QakBot
90.162.45.154,QakBot
76.20.42.45,QakBot
75.191.246.70,QakBot
86.195.32.149,QakBot
109.145.27.139,QakBot
176.151.15.101,QakBot
66.191.69.18,QakBot
82.9.210.36,QakBot
80.121.8.212,QakBot
187.199.224.16,QakBot
190.75.110.239,QakBot
173.18.126.3,QakBot
121.122.99.151,QakBot
76.9.168.249,QakBot
83.7.53.150,QakBot
64.121.161.102,QakBot
47.16.73.77,QakBot
183.82.100.110,QakBot
91.254.215.167,QakBot
197.148.17.17,QakBot
78.253.154.211,QakBot
86.165.15.180,QakBot
2.99.47.198,QakBot
89.152.120.181,QakBot
12.172.173.82,QakBot
23.240.47.58,QakBot
83.114.60.6,QakBot
71.183.236.133,QakBot
71.247.10.63,QakBot
71.247.10.63,QakBot
12.172.173.82,QakBot
12.172.173.82,QakBot
184.176.154.83,QakBot
12.172.173.82,QakBot
217.128.91.196,QakBot
12.172.173.82,QakBot
69.119.123.159,QakBot
12.172.173.82,QakBot
47.176.30.75,QakBot
78.247.21.20,QakBot
98.147.155.235,QakBot
50.90.249.161,QakBot
70.115.104.126,QakBot
76.184.95.190,QakBot
81.250.33.243,QakBot
72.140.137.221,QakBot
136.35.241.159,QakBot
98.187.21.2,QakBot
82.36.36.76,QakBot
12.172.173.82,QakBot
184.20.10.236,QakBot
86.175.128.143,QakBot
45.248.169.101,QakBot
103.141.50.117,QakBot
83.110.223.247,QakBot
103.55.67.180,QakBot
86.217.250.15,QakBot
87.243.146.59,QakBot
186.188.2.193,QakBot
100.6.8.7,QakBot
81.156.198.115,QakBot
54.37.130.195,BumbleBee
89.79.229.50,QakBot
12.172.173.82,QakBot
73.161.176.218,QakBot
93.156.103.241,QakBot
31.167.227.31,QakBot
174.112.25.29,QakBot
71.46.234.170,QakBot
174.112.25.29,QakBot
47.229.96.60,QakBot
184.155.91.69,QakBot
158.62.157.184,QakBot
73.155.10.79,QakBot
213.191.164.70,QakBot
137.186.193.226,QakBot
72.200.109.104,QakBot
174.60.47.98,QakBot
75.158.15.211,QakBot
99.253.115.160,QakBot
188.176.170.61,QakBot
221.161.103.6,QakBot
213.22.188.57,QakBot
86.130.9.140,QakBot
2.91.187.6,QakBot
87.1.202.122,QakBot
64.228.191.212,QakBot
83.31.254.67,QakBot
83.248.199.56,QakBot
46.162.109.183,QakBot
70.95.236.129,QakBot
97.93.192.2,QakBot
109.218.104.206,QakBot
73.78.215.104,QakBot
105.109.163.112,QakBot
105.109.163.112,QakBot
105.109.163.112,QakBot
77.86.98.236,QakBot
105.109.163.112,QakBot
190.11.198.66,QakBot
92.97.224.253,QakBot
180.151.118.201,QakBot
90.4.227.93,QakBot
109.149.147.182,QakBot
177.97.43.38,QakBot
190.249.234.250,QakBot
201.245.249.101,QakBot
47.203.227.114,QakBot
67.177.107.133,QakBot
70.51.135.213,QakBot
86.186.178.18,QakBot
109.219.126.249,QakBot
24.140.238.222,QakBot
64.44.102.140,BumbleBee
186.188.80.154,QakBot
46.176.180.15,QakBot
65.25.116.200,QakBot
193.251.52.34,QakBot
23.81.246.205,BumbleBee
23.82.140.14,BumbleBee
92.11.189.236,QakBot
109.57.68.154,QakBot
23.108.57.65,BumbleBee
83.79.150.24,QakBot
85.52.73.34,QakBot
2.91.184.252,QakBot
86.159.48.25,QakBot
130.43.99.103,QakBot
108.162.6.34,QakBot
149.126.159.106,QakBot
87.221.197.110,QakBot
75.99.125.235,QakBot
102.156.232.220,QakBot
85.7.61.22,QakBot
92.98.228.28,QakBot
86.98.182.30,QakBot
105.109.140.201,QakBot
93.147.235.8,QakBot
76.100.159.250,QakBot
216.196.245.102,QakBot
216.196.245.102,QakBot
108.162.6.34,QakBot
193.154.207.221,QakBot
121.122.99.223,QakBot
100.8.168.108,QakBot
87.223.85.4,QakBot
84.219.213.130,QakBot
71.183.236.133,QakBot
64.44.135.198,BumbleBee
190.39.199.51,QakBot
103.144.201.62,QakBot
197.3.64.204,QakBot
89.44.9.153,BumbleBee
108.62.118.70,BumbleBee
104.219.233.41,BumbleBee
142.11.199.235,BumbleBee
90.116.219.167,QakBot
85.152.152.46,QakBot
72.11.161.70,QakBot
24.64.114.59,QakBot
83.92.85.93,QakBot
92.186.69.229,QakBot
23.106.215.82,BumbleBee
109.177.245.176,QakBot
176.133.4.230,QakBot
102.159.83.36,QakBot
188.54.99.243,QakBot
216.196.245.102,QakBot
71.46.234.171,QakBot
197.92.135.188,QakBot
178.153.195.40,QakBot
87.223.84.190,QakBot
197.2.209.208,QakBot
117.186.222.30,QakBot
75.161.233.194,QakBot
124.122.55.68,QakBot
81.198.136.151,QakBot
46.246.245.152,QakBot
156.217.158.177,QakBot
37.28.156.24,BumbleBee
146.59.116.25,BumbleBee
108.62.141.221,BumbleBee
23.106.215.230,BumbleBee
23.108.57.29,BumbleBee
105.99.88.96,QakBot
178.191.21.187,QakBot
92.136.183.239,QakBot
201.208.139.250,QakBot
109.149.148.184,QakBot
156.216.253.65,QakBot
86.130.9.180,QakBot
80.121.50.13,QakBot
70.160.80.210,QakBot
186.64.67.9,QakBot
190.74.104.149,QakBot
91.206.178.167,BumbleBee
119.82.121.63,QakBot
90.119.197.132,QakBot
82.11.242.219,QakBot
78.100.230.10,QakBot
41.100.146.58,QakBot
176.128.178.251,QakBot
197.204.18.30,QakBot
72.68.175.55,QakBot
70.51.136.94,QakBot
41.62.220.86,QakBot
91.245.253.76,BumbleBee
23.106.223.1,BumbleBee
45.11.19.208,BumbleBee
45.11.19.252,BumbleBee
83.7.54.186,QakBot
78.163.33.44,QakBot
76.11.14.249,QakBot
23.108.57.59,BumbleBee
46.249.38.114,BumbleBee
23.254.247.48,BumbleBee
46.249.38.141,BumbleBee
185.135.120.81,QakBot
51.83.254.187,BumbleBee
87.223.89.157,QakBot
54.37.131.158,BumbleBee
92.98.72.220,QakBot
109.150.179.158,QakBot
41.44.19.36,QakBot
193.154.202.210,QakBot
2.83.12.243,QakBot
188.48.123.229,QakBot
65.30.139.145,QakBot
85.245.221.87,QakBot
201.210.107.223,QakBot
87.223.91.46,QakBot
190.206.70.80,QakBot
86.96.75.237,QakBot
78.17.157.5,QakBot
69.164.203.147,BumbleBee
91.254.230.18,QakBot
2.14.82.210,QakBot
85.239.52.179,BumbleBee
31.167.254.199,QakBot
86.190.16.164,QakBot
104.152.223.133,QakBot
116.74.164.2,QakBot
66.176.250.180,QakBot
70.77.116.233,QakBot
81.248.77.37,QakBot
86.98.23.199,QakBot
162.248.14.107,QakBot
74.93.148.97,QakBot
184.101.163.128,QakBot
181.118.183.44,QakBot
85.231.105.49,QakBot
23.108.57.66,BumbleBee
139.177.146.137,BumbleBee
27.32.171.38,QakBot
91.206.178.179,BumbleBee
85.239.54.134,BumbleBee
107.189.13.201,BumbleBee
85.239.52.71,BumbleBee
104.168.172.195,BumbleBee
91.245.254.41,BumbleBee
104.219.233.42,BumbleBee
108.62.141.98,BumbleBee
146.59.116.185,BumbleBee
108.62.118.108,BumbleBee
108.62.12.202,BumbleBee
142.93.12.251,BumbleBee
159.89.22.59,BumbleBee
139.177.146.230,BumbleBee
108.62.118.53,BumbleBee
194.135.33.151,BumbleBee
149.3.170.236,BumbleBee
192.236.199.61,BumbleBee
172.86.123.231,BumbleBee
172.93.201.244,BumbleBee
192.236.179.104,BumbleBee
192.129.129.20,BumbleBee
192.254.79.120,BumbleBee
192.129.129.53,BumbleBee
198.98.50.15,BumbleBee
205.185.126.42,BumbleBee
192.198.82.60,BumbleBee
198.98.52.241,BumbleBee
84.215.202.22,QakBot
200.109.14.93,QakBot
93.212.159.189,BumbleBee
139.177.146.25,BumbleBee
104.219.233.145,BumbleBee
192.254.79.122,BumbleBee
86.106.87.135,BumbleBee
23.106.223.14,BumbleBee
23.108.57.87,BumbleBee
192.198.82.62,BumbleBee
173.234.155.133,BumbleBee
92.8.190.211,QakBot
184.68.116.146,QakBot
24.71.120.191,QakBot
75.99.125.236,QakBot
103.71.21.107,QakBot
90.66.229.185,QakBot
46.10.198.106,QakBot
98.178.242.28,QakBot
184.68.116.146,QakBot
90.221.1.60,QakBot
92.154.17.149,QakBot
94.30.98.134,QakBot
193.32.212.114,QakBot
90.79.129.166,QakBot
93.156.98.63,QakBot
181.164.194.223,QakBot
70.55.120.16,QakBot
37.56.111.49,QakBot
197.94.219.133,QakBot
86.130.9.250,QakBot
184.68.116.146,QakBot
184.68.116.146,QakBot
83.213.192.136,QakBot
94.105.123.53,QakBot
67.61.71.201,QakBot
201.137.151.25,QakBot
47.16.76.35,QakBot
151.65.67.211,QakBot
31.53.29.245,QakBot
141.255.65.113,QakBot
190.199.169.127,QakBot
150.107.231.59,QakBot
70.120.228.205,QakBot
83.213.201.104,QakBot
72.133.240.122,QakBot
66.180.226.117,QakBot
208.180.17.32,QakBot
184.189.41.80,QakBot
70.51.153.251,QakBot
188.79.182.186,QakBot
184.68.116.146,QakBot
80.44.148.126,QakBot
78.101.91.215,QakBot
121.121.100.148,QakBot
79.13.202.140,QakBot
74.83.128.70,QakBot
72.80.7.6,QakBot
178.152.27.222,QakBot
181.118.183.50,QakBot
86.99.14.46,QakBot
188.24.214.226,QakBot
86.18.75.136,QakBot
146.70.100.126,BumbleBee
85.239.54.178,BumbleBee
69.159.156.133,QakBot
66.85.236.205,QakBot
91.178.75.146,QakBot
217.43.16.149,QakBot
2.83.32.104,QakBot
23.242.141.218,QakBot
66.90.198.204,QakBot
197.0.32.186,QakBot
167.58.235.148,QakBot
82.6.99.234,QakBot
197.94.86.141,QakBot
147.148.234.231,QakBot
100.36.249.75,QakBot
190.199.126.108,QakBot
102.40.202.189,QakBot
51.183.20.212,QakBot
87.223.87.35,QakBot
12.172.173.82,QakBot
216.160.116.140,QakBot
109.159.118.162,QakBot
81.131.210.167,QakBot
90.194.186.175,QakBot
87.221.154.65,QakBot
190.201.157.16,QakBot
124.122.55.7,QakBot
60.254.51.168,QakBot
79.77.142.22,QakBot
188.48.116.37,QakBot
116.74.163.218,QakBot
216.82.134.133,QakBot
178.152.126.55,QakBot
172.248.42.122,QakBot
60.234.194.12,QakBot
94.71.209.47,QakBot
47.149.137.40,QakBot
61.69.198.59,QakBot
99.229.164.42,QakBot
49.245.119.12,QakBot
92.145.203.167,QakBot
45.152.16.14,QakBot
92.154.45.81,QakBot
103.141.50.151,QakBot
172.86.121.61,BumbleBee
91.96.249.3,QakBot
2.50.140.56,QakBot
93.147.134.85,QakBot
78.193.176.97,QakBot
87.149.127.43,QakBot
178.152.25.80,QakBot
93.156.97.145,QakBot
139.228.33.163,QakBot
91.231.172.236,QakBot
186.64.67.55,QakBot
109.150.179.181,QakBot
181.118.206.65,QakBot
75.99.125.234,QakBot
64.237.240.3,QakBot
67.235.138.14,QakBot
175.139.130.191,QakBot
217.128.200.114,QakBot
198.98.51.235,BumbleBee
23.82.140.180,BumbleBee
108.62.141.52,BumbleBee
23.82.128.127,BumbleBee
45.61.184.24,BumbleBee
45.141.58.139,BumbleBee
128.127.21.57,QakBot
87.220.205.65,QakBot
178.153.5.54,QakBot
37.15.128.31,QakBot
174.112.22.106,QakBot
176.44.121.220,QakBot
78.100.238.92,QakBot
84.108.173.79,QakBot
90.78.138.217,QakBot
76.170.252.153,QakBot
74.33.196.114,QakBot
12.172.173.82,QakBot
216.36.153.248,QakBot
83.7.52.202,QakBot
73.214.105.238,QakBot
87.223.95.66,QakBot
54.38.137.14,BumbleBee
90.48.151.17,QakBot
86.196.35.232,QakBot
86.176.144.240,QakBot
176.79.48.60,QakBot
2.14.96.234,QakBot
202.187.239.67,QakBot
77.124.17.122,QakBot
171.97.42.82,QakBot
83.110.95.209,QakBot
103.212.19.254,QakBot
86.99.15.254,QakBot
103.42.86.42,QakBot
90.27.44.76,QakBot
93.156.97.50,QakBot
109.220.196.24,QakBot
144.64.226.144,QakBot
86.160.253.56,QakBot
86.183.251.169,QakBot
86.195.14.72,QakBot
206.166.209.170,QakBot
109.159.119.186,QakBot
96.255.66.51,QakBot
104.168.174.148,BumbleBee
69.165.145.141,QakBot
142.118.49.193,QakBot
65.95.85.172,QakBot
92.8.187.85,QakBot
87.252.106.197,QakBot
109.50.131.204,QakBot
66.35.124.54,QakBot
186.87.52.35,QakBot
190.199.187.93,QakBot
201.210.114.115,QakBot
190.249.241.149,QakBot
80.98.132.66,QakBot
188.161.48.24,QakBot
122.186.71.98,QakBot
47.16.68.188,QakBot
27.0.48.233,QakBot
202.142.98.62,QakBot
176.177.136.35,QakBot
76.68.151.148,QakBot
90.4.190.217,QakBot
70.51.136.204,QakBot
89.203.252.238,QakBot
201.137.206.40,QakBot
91.254.132.23,QakBot
78.18.42.55,QakBot
181.4.227.82,QakBot
24.69.84.237,QakBot
51.83.253.18,BumbleBee
67.253.226.137,QakBot
50.67.17.92,QakBot
95.23.15.84,QakBot
51.211.219.211,QakBot
71.112.212.166,QakBot
149.74.159.67,QakBot
173.178.151.233,QakBot
2.82.10.152,QakBot
86.222.191.162,QakBot
125.20.112.94,QakBot
201.244.108.183,QakBot
87.223.84.92,QakBot
176.44.58.217,QakBot
41.237.141.34,QakBot
175.139.207.179,QakBot
